,system,day,errorcodes
0,072,2022-12-07,[22.]
0,030,2013-07-24,[27. 22.]
1,030,2013-09-05,[ 2. 22.]
2,030,2013-09-06,[2.]
3,030,2013-09-08,[2.]
4,030,2015-09-22,[22.]
5,030,2015-09-23,[22.]
6,030,2015-09-24,[22.]
7,030,2018-02-26,[50.  2.]
8,030,2018-02-27,[50.]
9,030,2018-02-28,[50.]
10,030,2018-03-01,[50.  1.]
11,030,2018-03-02,[50.]
12,030,2018-03-03,[50.]
13,030,2018-03-04,[50.  2.]
14,030,2018-03-05,[2. 1.]
15,030,2018-03-06,[ 2. 50.]
16,030,2018-03-07,[50.]
17,030,2018-03-08,[50.]
18,030,2018-03-09,[50.  1.]
19,030,2018-03-10,[1. 2.]
20,030,2018-03-11,[2. 1.]
21,030,2018-03-12,[1. 2.]
22,030,2018-03-13,[1. 2.]
23,030,2018-03-14,[2.]
24,030,2018-03-15,[2. 1.]
25,030,2018-03-16,[ 2. 21.]
26,030,2018-03-17,[21.  2. 50.]
27,030,2018-03-18,[50.]
28,030,2018-03-19,[50.]
29,030,2018-03-20,[50.]
30,030,2018-03-21,[50.]
31,030,2018-03-22,[50.]
32,030,2018-03-23,[50.]
33,030,2018-03-24,[50.]
34,030,2018-03-25,[50.]
35,030,2018-03-26,[50.]
36,030,2018-03-27,[50.]
37,030,2018-03-28,[50.]
38,030,2018-03-29,[50.]
39,030,2018-03-30,[50.]
40,030,2018-03-31,[50.]
41,030,2018-04-01,[50.]
42,030,2018-04-02,[50.]
43,030,2018-04-03,[50.]
44,030,2018-04-04,[50.]
45,030,2018-04-05,[50.]
46,030,2018-04-06,[50.]
47,030,2018-04-07,[50.]
48,030,2018-04-08,[50.]
49,030,2018-04-09,[50.]
50,030,2018-06-21,[22.]
51,030,2020-06-14,[5.]
52,030,2020-06-21,[21.]
53,030,2020-07-15,[21.]
54,030,2020-07-17,[21.]
55,030,2020-07-19,[21.]
0,041,2021-07-28,[26.]
1,041,2021-09-24,[26.]
0,002,2020-02-05,[1. 4.]
1,002,2020-02-13,[4. 1. 8.]
2,002,2020-02-14,[128.]
3,002,2020-02-15,[16.  4.]
4,002,2020-02-19,[ 16. 128.  64.  32.   4.   2.]
5,002,2020-02-20,[ 1.  8. 16.]
6,002,2020-02-25,[  2.  32. 128.  16.]
7,002,2020-03-03,[64.]
8,002,2020-03-04,[16.]
9,002,2020-03-07,[128.  64.]
10,002,2020-03-09,[1.]
11,002,2020-03-12,[64.  1.  4.]
12,002,2020-03-19,[16. 32.]
13,002,2020-03-20,[32.  4. 16.  8.]
14,002,2020-03-22,[  4.  64.   2.  32. 128.   8.]
15,002,2020-04-02,[4.]
16,002,2020-04-03,[ 32. 128.   4.]
17,002,2020-04-04,[64. 16.  8.  1.]
18,002,2020-04-05,[128.   2.   1.  16.]
19,002,2020-04-06,[128.   4.  64.  16.  32.   8.   1.   2.]
20,002,2020-04-07,[137.]
21,002,2020-04-20,[36.  8. 16.  1.  2. 32. 66.]
22,002,2020-04-21,[ 8. 16.]
23,002,2020-04-22,[  4.   8.  64. 128.  16.   1.]
24,002,2020-05-05,[1. 4.]
25,002,2020-05-06,[ 49. 128.]
26,002,2020-05-07,[ 1.  4. 16.]
27,002,2020-05-23,[64.  8. 16. 32.]
28,002,2020-06-05,[4. 1.]
29,002,2020-06-08,[1. 2.]
30,002,2020-06-22,[  4.  32.   1. 128.  80.]
31,002,2020-06-23,[  4.  16. 128.  64.  32.   8.]
32,002,2020-06-24,[128.   4.   1.  64.]
33,002,2020-07-08,[128.]
34,002,2020-07-09,[ 64.  16.   8. 128.  32.]
35,002,2020-07-23,[8. 4.]
36,002,2020-07-25,[ 8. 64. 16.]
37,002,2020-08-08,[ 1. 16.  8.  2.]
38,002,2020-08-09,[  2. 128.]
39,002,2020-08-24,[  8.  16. 128.]
40,002,2020-09-08,[96.]
41,002,2020-09-09,[  8.   4.  64.  20.   2.  32. 128.]
42,002,2020-09-24,[ 8. 16.]
43,002,2020-09-25,[32.  1.]
44,002,2020-10-09,[16.  1.  4.  8.]
45,002,2020-10-10,[ 8. 64. 32.]
46,002,2020-10-25,[32. 16.  1.]
47,002,2020-10-26,[128.   4.  16.]
48,002,2020-11-06,[1.]
49,002,2020-11-26,[64.  4.]
50,002,2020-12-11,[32.  2. 64. 16.]
51,002,2020-12-12,[16.]
52,002,2020-12-25,[128.]
53,002,2020-12-26,[8.]
54,002,2021-01-12,[128.   4.]
55,002,2021-01-24,[  2. 128.]
56,002,2021-01-25,[16.  1.]
57,002,2021-01-26,[  2.  64.  32.   4. 128.   8.   1.   5.]
58,002,2021-01-27,[ 4. 16.]
59,002,2021-01-28,[  2.  16.   4. 128.  64.   8.  17.  96.]
60,002,2021-02-10,[40. 16.]
61,002,2021-02-11,[ 8. 64. 32. 16.]
62,002,2021-02-12,[ 2. 64. 32.  8. 16.  1.]
63,002,2021-02-26,[  1. 128.  64.   2.   4.]
64,002,2021-02-27,[1. 2.]
65,002,2021-02-28,[16.  1. 12.  4.]
66,002,2021-03-16,[1.]
67,002,2021-03-28,[16.]
68,002,2021-03-29,[4.]
69,002,2021-05-15,[128.]
70,002,2021-05-17,[16.  8.]
71,002,2022-01-01,[26.]
72,002,2022-01-02,[26.]
73,002,2022-01-03,[26.]
74,002,2022-01-05,[26.]
75,002,2022-01-09,[26.]
76,002,2022-01-10,[26.]
77,002,2022-01-12,[26.]
78,002,2022-01-13,[26.]
79,002,2022-01-15,[26.]
80,002,2022-01-16,[26.]
81,002,2022-01-17,[26.]
82,002,2022-01-18,[26.]
83,002,2022-01-19,[26.]
84,002,2022-01-20,[26.]
85,002,2022-01-21,[26.]
86,002,2022-01-22,[26.]
87,002,2022-01-23,[26.]
88,002,2022-01-24,[26.]
89,002,2022-01-25,[26.]
90,002,2022-01-26,[26.]
91,002,2022-01-27,[26.]
92,002,2022-01-28,[26.]
93,002,2022-01-29,[26.]
94,002,2022-01-30,[26.]
95,002,2022-01-31,[26.]
96,002,2022-02-01,[26.]
97,002,2022-02-02,[26.]
98,002,2022-02-03,[26.]
99,002,2022-02-04,[26.]
100,002,2022-02-05,[26.]
101,002,2022-02-06,[26.]
102,002,2022-02-07,[26.]
103,002,2022-02-08,[26.]
0,052,2018-02-12,[10.]
1,052,2019-02-12,[10.]
2,052,2019-03-04,[49.]
3,052,2019-03-05,[49.]
4,052,2019-03-07,[49.]
5,052,2019-03-08,[49.]
6,052,2019-03-09,[49.]
7,052,2019-03-10,[49.]
8,052,2019-03-13,[49.]
9,052,2019-03-14,[49.]
10,052,2019-03-15,[49.]
11,052,2019-03-16,[49.]
12,052,2019-03-17,[49.]
13,052,2019-03-20,[49.]
14,052,2019-03-21,[49.]
15,052,2019-03-22,[49.]
16,052,2019-03-23,[49.]
17,052,2019-03-25,[49.]
18,052,2019-03-27,[49.]
19,052,2019-03-28,[49.]
20,052,2019-03-29,[49.]
21,052,2019-03-30,[49.]
22,052,2019-03-31,[49.]
23,052,2019-04-03,[49.]
24,052,2019-04-04,[49.]
25,052,2019-04-05,[26.]
26,052,2019-04-09,[10.]
27,052,2020-04-11,[10.]
28,052,2021-04-11,[10.]
29,052,2021-10-16,[49.]
30,052,2021-10-17,[49.]
31,052,2021-10-18,[49.]
32,052,2021-10-19,[49.]
33,052,2021-10-20,[49.]
34,052,2021-10-21,[49.]
35,052,2021-10-23,[49.]
36,052,2021-10-25,[49.]
37,052,2021-10-26,[49.]
38,052,2021-10-29,[49.]
39,052,2021-10-30,[49.]
40,052,2021-10-31,[49.]
41,052,2021-11-01,[49.]
42,052,2021-11-02,[49. 27. 22.]
43,052,2021-11-04,[49.]
44,052,2021-11-05,[49.]
45,052,2021-11-06,[49.]
46,052,2021-11-07,[49.]
47,052,2021-11-11,[49.]
48,052,2022-01-13,[49.]
49,052,2022-01-14,[49.]
50,052,2022-03-24,[49.]
51,052,2022-03-26,[49.]
52,052,2022-04-04,[10.]
53,052,2022-04-18,[49.]
54,052,2022-04-19,[49.]
55,052,2022-04-20,[49.]
56,052,2022-04-21,[49.]
57,052,2022-04-22,[49.]
58,052,2022-04-23,[49.]
59,052,2022-04-24,[49.]
60,052,2022-04-25,[49.]
61,052,2022-04-26,[49.]
62,052,2022-04-27,[49.]
63,052,2022-04-30,[49.]
64,052,2022-05-01,[49.]
65,052,2022-05-02,[49.]
66,052,2022-05-03,[49.]
67,052,2022-05-05,[49.]
68,052,2022-05-06,[49.]
69,052,2022-05-07,[49.]
70,052,2022-05-08,[49.]
71,052,2022-05-09,[49.]
72,052,2022-05-10,[49.]
73,052,2022-05-11,[49.]
74,052,2022-05-12,[49.]
75,052,2022-05-13,[49.]
76,052,2022-09-21,[10.]
77,052,2022-10-03,[49.]
78,052,2022-10-04,[49.]
79,052,2022-10-05,[49.]
80,052,2022-10-06,[49.]
81,052,2022-10-07,[49.]
82,052,2022-10-08,[49.]
83,052,2022-10-09,[49.]
84,052,2022-10-10,[49.]
85,052,2022-10-11,[49.]
86,052,2022-10-12,[49.]
87,052,2022-10-13,[49.]
88,052,2022-10-14,[49.]
0,903,2022-06-22,[1.]
1,903,2022-10-05,[27. 22.]
0,059,2021-06-23,[21.]
1,059,2021-06-24,[21.]
2,059,2021-06-28,[21.]
3,059,2021-06-29,[21.]
4,059,2021-07-06,[4.]
5,059,2021-07-07,[4.]
6,059,2021-07-08,[4.]
7,059,2021-07-09,[4.]
8,059,2021-07-10,[4.]
9,059,2021-07-11,[4.]
10,059,2021-07-12,[4.]
11,059,2021-07-13,[4.]
12,059,2021-07-14,[4.]
13,059,2021-07-15,[4.]
14,059,2021-07-16,[4.]
15,059,2021-07-17,[4.]
16,059,2021-07-18,[4.]
17,059,2021-07-19,[4.]
18,059,2021-07-20,[4.]
19,059,2021-07-21,[4.]
20,059,2021-07-22,[ 4. 22.]
21,059,2021-08-20,[24.]
22,059,2021-08-21,[24.]
23,059,2021-08-22,[24.]
24,059,2021-08-23,[24.]
25,059,2021-08-24,[24.]
26,059,2021-08-25,[24.]
27,059,2021-08-26,[24.]
28,059,2021-08-27,[24.]
29,059,2021-08-28,[24.]
30,059,2021-08-29,[24.]
31,059,2021-08-30,[24.]
32,059,2021-08-31,[24.]
33,059,2021-09-01,[24.]
34,059,2021-09-02,[24.]
35,059,2021-09-03,[24.]
36,059,2021-09-04,[24.]
37,059,2021-09-05,[24.]
38,059,2021-09-06,[24.]
39,059,2021-09-07,[24.]
40,059,2021-09-08,[24.]
41,059,2021-09-13,[24.]
42,059,2021-09-14,[24.]
43,059,2021-09-15,[24.]
44,059,2021-09-16,[24.]
45,059,2021-09-17,[24. 22.]
46,059,2021-12-07,[22.]
47,059,2021-12-08,[22.]
48,059,2021-12-09,[22.]
49,059,2021-12-10,[22.]
50,059,2021-12-11,[22.]
51,059,2021-12-12,[22.]
52,059,2021-12-13,[22.]
53,059,2021-12-14,[22.]
54,059,2021-12-15,[22.]
55,059,2022-03-25,[2.]
56,059,2022-03-26,[2. 1.]
57,059,2022-03-27,[1.]
58,059,2022-03-28,[1.]
59,059,2022-03-29,[1.]
60,059,2022-03-30,[21.]
61,059,2022-03-31,[21.]
62,059,2022-04-17,[1.]
63,059,2022-04-18,[1.]
64,059,2022-04-19,[1.]
65,059,2022-04-20,[2.]
66,059,2022-04-21,[7.]
67,059,2022-04-22,[7. 1.]
68,059,2022-04-23,[1.]
69,059,2022-04-24,[1.]
70,059,2022-04-25,[1.]
71,059,2022-04-26,[1.]
72,059,2022-04-27,[1.]
73,059,2022-04-28,[1.]
74,059,2022-04-29,[1.]
75,059,2022-04-30,[1.]
76,059,2022-05-01,[1.]
77,059,2022-05-02,[1.]
78,059,2022-05-03,[1.]
79,059,2022-05-04,[1.]
80,059,2022-05-05,[1.]
81,059,2022-05-06,[1.]
82,059,2022-05-07,[1.]
83,059,2022-05-08,[1.]
84,059,2022-05-09,[1.]
85,059,2022-05-10,[1.]
86,059,2022-05-11,[1.]
87,059,2022-05-12,[1.]
88,059,2022-05-13,[1.]
89,059,2022-05-14,[1.]
90,059,2022-05-15,[1.]
91,059,2022-05-16,[1.]
92,059,2022-05-17,[1.]
93,059,2022-05-18,[1.]
94,059,2022-05-19,[1.]
95,059,2022-05-20,[1.]
96,059,2022-05-21,[1.]
97,059,2022-05-22,[1.]
98,059,2022-05-23,[1.]
99,059,2022-05-24,[1.]
100,059,2022-05-25,[1.]
101,059,2022-05-26,[1.]
102,059,2022-05-27,[1.]
103,059,2022-05-28,[1.]
104,059,2022-05-29,[1.]
105,059,2022-05-30,[1.]
106,059,2022-05-31,[1.]
107,059,2022-06-01,[1.]
108,059,2022-06-02,[ 1. 22.]
109,059,2022-06-03,[1.]
110,059,2022-06-04,[1.]
111,059,2022-06-05,[1.]
112,059,2022-06-06,[1.]
113,059,2022-06-07,[1.]
114,059,2022-06-08,[1.]
115,059,2022-06-09,[1.]
116,059,2022-06-10,[1.]
117,059,2022-06-11,[1.]
118,059,2022-06-12,[1.]
119,059,2022-06-13,[1.]
120,059,2022-06-14,[1.]
121,059,2022-06-15,[1.]
122,059,2022-06-16,[1.]
123,059,2022-06-17,[1.]
124,059,2022-06-18,[1.]
125,059,2022-06-19,[1.]
126,059,2022-06-20,[1.]
127,059,2022-06-21,[1.]
128,059,2022-06-22,[1.]
129,059,2022-06-23,[1.]
130,059,2022-06-24,[1.]
131,059,2022-06-25,[1.]
132,059,2022-06-26,[1.]
133,059,2022-06-27,[1.]
134,059,2022-06-28,[1.]
135,059,2022-06-29,[1.]
136,059,2022-06-30,[1.]
137,059,2022-07-01,[1.]
138,059,2022-07-02,[1.]
139,059,2022-07-03,[1.]
140,059,2022-07-04,[1.]
141,059,2022-07-05,[1.]
142,059,2022-07-06,[1.]
143,059,2022-07-07,[1.]
144,059,2022-07-08,[1.]
145,059,2022-07-09,[1.]
146,059,2022-07-10,[1.]
147,059,2022-07-11,[1.]
148,059,2022-07-12,[1.]
149,059,2022-07-13,[1.]
150,059,2022-07-14,[1.]
151,059,2022-07-15,[1.]
152,059,2022-07-16,[1.]
153,059,2022-07-17,[1.]
154,059,2022-07-18,[1.]
155,059,2022-07-19,[1.]
156,059,2022-07-20,[1.]
157,059,2022-07-21,[1.]
158,059,2022-07-22,[1.]
159,059,2022-07-23,[1.]
160,059,2022-07-24,[1.]
161,059,2022-07-25,[1.]
162,059,2022-07-26,[1.]
163,059,2022-07-27,[1.]
164,059,2022-07-28,[1.]
165,059,2022-07-29,[1.]
166,059,2022-07-30,[1.]
167,059,2022-07-31,[1.]
168,059,2022-08-01,[1.]
169,059,2022-08-02,[1.]
170,059,2022-08-03,[1.]
171,059,2022-08-04,[1.]
172,059,2022-08-05,[1.]
173,059,2022-08-06,[1.]
174,059,2022-08-07,[1.]
175,059,2022-08-08,[1.]
176,059,2022-08-09,[1.]
177,059,2022-08-10,[1.]
178,059,2022-08-11,[1.]
179,059,2022-08-12,[1.]
180,059,2022-08-13,[1.]
181,059,2022-08-14,[1.]
182,059,2022-08-15,[1.]
183,059,2022-08-16,[1.]
184,059,2022-08-17,[1.]
185,059,2022-08-18,[1.]
186,059,2022-08-19,[1.]
187,059,2022-08-20,[1.]
188,059,2022-08-21,[1.]
189,059,2022-08-22,[1.]
190,059,2022-08-23,[1.]
191,059,2022-08-24,[1.]
192,059,2022-08-25,[1.]
193,059,2022-08-26,[1.]
194,059,2022-08-27,[1.]
195,059,2022-08-28,[1.]
196,059,2022-08-29,[1.]
197,059,2022-08-30,[1.]
198,059,2022-08-31,[1.]
199,059,2022-09-01,[1.]
0,027,2021-04-08,[37.]
1,027,2021-04-09,[37.]
2,027,2021-04-21,[22.]
3,027,2021-10-28,[37.]
4,027,2021-10-29,[37.]
5,027,2021-10-30,[37.]
6,027,2021-10-31,[37.]
7,027,2021-11-01,[37.]
8,027,2021-11-02,[37.]
9,027,2021-11-03,[37.]
10,027,2021-11-04,[37.]
11,027,2021-11-12,[37.]
12,027,2021-11-13,[37.]
13,027,2021-12-19,[37.]
0,044,2021-09-19,[37.]
1,044,2021-09-20,[37.]
2,044,2021-09-21,[37.]
0,014,2021-11-12,[4.]
1,014,2021-11-18,[4.]
2,014,2021-12-02,[4.]
3,014,2021-12-15,[4.]
4,014,2021-12-23,[4.]
5,014,2021-12-26,[4.]
6,014,2021-12-30,[4.]
7,014,2021-12-31,[4.]
8,014,2022-01-01,[4.]
9,014,2022-01-04,[4.]
10,014,2022-01-05,[4.]
11,014,2022-01-06,[4.]
12,014,2022-01-07,[4.]
13,014,2022-01-18,[4.]
14,014,2022-01-19,[4.]
15,014,2022-01-20,[4.]
16,014,2022-01-21,[4.]
17,014,2022-02-03,[4.]
18,014,2022-02-04,[4.]
19,014,2022-02-05,[4.]
20,014,2022-02-06,[4.]
21,014,2022-02-08,[4.]
22,014,2022-02-09,[4.]
23,014,2022-02-10,[4.]
24,014,2022-02-12,[4.]
25,014,2022-02-13,[4.]
26,014,2022-02-17,[4.]
27,014,2022-02-18,[4.]
28,014,2022-02-21,[4.]
29,014,2022-03-07,[4.]
30,014,2022-03-08,[4.]
31,014,2022-03-09,[4.]
32,014,2022-03-10,[4.]
33,014,2022-03-16,[4.]
34,014,2022-04-16,[37.]
35,014,2022-04-17,[37.]
36,014,2022-04-18,[37.]
37,014,2022-04-19,[37.]
38,014,2022-04-20,[37.]
39,014,2022-04-21,[37.]
40,014,2022-04-22,[37.]
41,014,2022-04-23,[37.]
42,014,2022-04-24,[37.]
43,014,2022-04-25,[37.]
44,014,2022-04-26,[37.]
45,014,2022-04-27,[37.]
46,014,2022-04-29,[37.]
47,014,2022-04-30,[37.]
48,014,2022-05-01,[37.]
49,014,2022-05-03,[37.]
50,014,2022-05-04,[37.]
51,014,2022-05-05,[37.]
52,014,2022-05-07,[37.]
53,014,2022-05-08,[37.]
54,014,2022-05-09,[37.]
0,902,2013-06-21,[26.]
1,902,2014-04-01,[5.]
2,902,2014-04-02,[5.]
3,902,2014-07-20,[22.]
4,902,2015-06-19,[22. 27.]
5,902,2015-08-06,[12.]
6,902,2015-11-09,[12.]
7,902,2015-11-10,[12.]
8,902,2016-09-17,[26.]
9,902,2017-06-25,[12.]
10,902,2018-04-04,[21.  1. 23.]
11,902,2018-07-10,[22.]
12,902,2018-07-23,[22.]
13,902,2018-10-05,[22.]
14,902,2020-06-30,[22.]
15,902,2021-04-28,[22.]
0,048,2021-06-02,[34.]
1,048,2021-06-03,[34.]
2,048,2021-06-04,[34.]
3,048,2021-06-05,[34.]
4,048,2021-06-10,[34.]
0,047,2020-04-05,[34.]
1,047,2020-04-06,[34.]
2,047,2020-04-07,[34.]
3,047,2020-04-08,[34.]
0,047,2019-12-20,[128.]
1,047,2019-12-23,[ 4. 32. 64.]
2,047,2020-01-05,[ 64. 128.]
3,047,2020-01-06,[  8.   2. 128.]
4,047,2020-01-07,[ 4. 20.  8. 32. 64.]
5,047,2020-01-10,[1.]
6,047,2020-01-20,[  4. 128.]
7,047,2020-01-22,[ 1. 16.]
8,047,2020-01-23,[64.]
9,047,2020-01-24,[32. 64.  8.  2.]
10,047,2020-02-06,[ 8. 16. 32.]
11,047,2020-02-23,[1.]
12,047,2020-02-24,[  8.  32. 128.  16.]
13,047,2020-02-25,[16.]
14,047,2020-02-26,[64.  2. 32. 16.  8.]
15,047,2020-03-06,[16.  8.  4.]
16,047,2020-03-10,[ 32. 128.   4.   8.   2.  16.   1.  24.]
17,047,2020-03-11,[64.  8.]
18,047,2020-03-12,[64. 16.  4. 32.]
19,047,2020-03-13,[8.]
20,047,2020-03-21,[128.   2.]
21,047,2020-03-26,[  1.   8. 128. 136.  16.   4.  32.   2.  64.]
22,047,2020-03-27,[1.]
23,047,2020-03-28,[ 4.  1. 16. 64. 32.  2.]
24,047,2020-04-05,[34.]
25,047,2020-04-06,[34.]
26,047,2020-04-07,[34.]
27,047,2020-04-08,[34.]
28,047,2020-04-27,[ 1.  8. 32.  2. 16.]
29,047,2020-05-12,[ 16.  20. 128.   1. 192.]
30,047,2020-05-13,[2.]
31,047,2020-05-27,[16.  4.]
32,047,2020-05-28,[ 1. 32.]
33,047,2020-06-10,[128.]
34,047,2020-06-12,[  1.  64.  32. 128.]
35,047,2020-06-13,[  4.   2.   8.  16. 132.  17.]
36,047,2020-06-14,[ 16.  32.   2.   1.   8.  64. 128.]
37,047,2020-06-28,[8.]
38,047,2020-06-29,[ 8.  2. 64. 32. 16.]
39,047,2020-07-13,[128.  16.   4.  32.  64.   1.]
40,047,2020-07-14,[128.]
41,047,2020-07-15,[ 8. 32.]
42,047,2020-07-30,[ 1. 64.]
43,047,2020-08-14,[1. 2.]
44,047,2020-10-14,[128.]
45,047,2020-10-16,[32.]
46,047,2020-10-17,[ 4.  8. 32.]
47,047,2020-12-02,[ 64. 130. 128.]
48,047,2021-06-13,[25.]
49,047,2021-06-14,[25.]
50,047,2021-06-16,[25.]
0,001,2021-03-23,[5.]
1,001,2021-03-24,[5.]
0,005,2021-08-09,[26.]
1,005,2021-08-15,[26.]
2,005,2021-08-17,[26.]
3,005,2021-08-18,[26.]
4,005,2021-08-19,[26.]
5,005,2021-08-20,[26.]
6,005,2021-08-21,[26.]
7,005,2021-09-06,[26.]
8,005,2021-09-07,[26.]
9,005,2021-09-08,[26.]
10,005,2021-09-09,[26.]
11,005,2021-09-10,[26.]
12,005,2021-09-11,[26.]
13,005,2021-09-12,[26.]
14,005,2021-09-13,[26.]
15,005,2021-09-14,[26.]
16,005,2021-09-15,[26.]
17,005,2021-09-17,[26.]
18,005,2021-09-18,[26.]
19,005,2021-09-19,[26.]
20,005,2021-09-20,[26.]
21,005,2021-09-27,[26.]
22,005,2021-09-28,[26.]
23,005,2021-10-02,[26.]
24,005,2021-10-03,[26.]
25,005,2021-10-04,[26.]
26,005,2021-10-05,[26.]
27,005,2021-10-06,[26.]
28,005,2021-10-07,[26.]
29,005,2021-10-08,[26.]
30,005,2021-10-09,[26.]
31,005,2021-10-10,[26.]
32,005,2021-10-11,[26.]
33,005,2021-10-12,[26.]
34,005,2021-10-13,[26.]
35,005,2021-10-14,[26.]
36,005,2021-10-15,[26.]
37,005,2021-10-16,[26.]
38,005,2021-10-17,[26.]
39,005,2021-10-18,[26.]
40,005,2021-10-19,[26.]
41,005,2021-10-20,[26.]
42,005,2021-10-21,[26.]
43,005,2021-10-22,[26.]
44,005,2021-10-23,[26.]
45,005,2021-10-24,[26.]
46,005,2021-10-25,[26.]
47,005,2021-10-26,[26.]
48,005,2021-10-27,[26.]
49,005,2021-10-28,[26.]
50,005,2021-10-29,[26.]
51,005,2021-10-30,[26.]
52,005,2021-10-31,[26.]
53,005,2021-11-01,[26.]
54,005,2021-11-02,[26.]
55,005,2021-11-03,[26.]
56,005,2021-11-04,[26.]
57,005,2021-11-05,[26.]
58,005,2021-11-06,[26.]
59,005,2021-11-07,[26.]
60,005,2021-11-08,[26.]
61,005,2021-11-09,[26.]
62,005,2021-11-10,[26.]
63,005,2021-11-11,[26.]
64,005,2021-11-12,[26.]
65,005,2021-11-13,[26.]
66,005,2021-11-14,[26.]
67,005,2021-11-15,[26.]
68,005,2021-11-16,[26.]
69,005,2021-11-17,[26.]
70,005,2021-11-18,[26.]
71,005,2021-11-19,[26.]
72,005,2021-11-20,[26.]
73,005,2021-11-21,[26.]
74,005,2021-11-22,[26.]
75,005,2021-11-23,[26.]
76,005,2021-11-24,[26.]
77,005,2021-11-25,[26.]
78,005,2021-11-26,[26.]
79,005,2021-11-27,[26.]
80,005,2021-11-28,[26.]
81,005,2021-11-29,[26.]
82,005,2021-11-30,[26.]
83,005,2021-12-01,[26.]
84,005,2021-12-27,[26.]
85,005,2021-12-28,[26.]
86,005,2021-12-29,[26.]
87,005,2021-12-30,[26.]
88,005,2021-12-31,[26.]
89,005,2022-01-01,[26.]
90,005,2022-01-30,[26.]
91,005,2022-01-31,[26.]
92,005,2022-02-01,[26.]
93,005,2022-02-02,[26.]
94,005,2022-02-03,[26.]
95,005,2022-02-04,[26.]
96,005,2022-02-05,[26.]
97,005,2022-02-06,[26.]
98,005,2022-02-07,[26.]
99,005,2022-02-08,[26.]
100,005,2022-02-09,[26.]
101,005,2022-02-10,[26.]
102,005,2022-02-11,[26.]
103,005,2022-02-27,[26.]
104,005,2022-02-28,[26.]
105,005,2022-03-01,[26.]
106,005,2022-03-05,[26.]
107,005,2022-03-06,[26.]
108,005,2022-03-08,[26.]
109,005,2022-03-09,[26.]
110,005,2022-03-10,[26.]
111,005,2022-03-11,[26.]
112,005,2022-03-13,[26.]
113,005,2022-03-21,[26.]
114,005,2022-03-22,[26.]
115,005,2022-03-23,[26.]
116,005,2022-03-28,[26.]
117,005,2022-03-29,[26.]
118,005,2022-04-04,[26.]
119,005,2022-04-05,[26.]
120,005,2022-04-06,[26.]
121,005,2022-04-09,[26.]
122,005,2022-04-10,[26.]
123,005,2022-04-11,[26.]
124,005,2022-04-12,[26.]
125,005,2022-04-13,[26.]
126,005,2022-04-14,[26.]
127,005,2022-04-15,[26.]
128,005,2022-04-16,[26.]
129,005,2022-04-17,[26.]
130,005,2022-04-18,[26.]
131,005,2022-04-19,[26.]
132,005,2022-04-20,[26.]
133,005,2022-04-21,[26.]
134,005,2022-04-22,[26.]
135,005,2022-04-23,[26.]
136,005,2022-04-24,[26.]
137,005,2022-04-25,[26.]
138,005,2022-04-28,[22.]
139,005,2022-05-11,[26.]
140,005,2022-05-12,[26.]
141,005,2022-05-13,[26.]
142,005,2022-05-14,[26.]
143,005,2022-05-15,[26.]
144,005,2022-05-16,[26.]
145,005,2022-05-17,[26.]
146,005,2022-05-18,[26.]
147,005,2022-05-19,[26.]
148,005,2022-05-20,[26.]
149,005,2022-06-11,[26.]
150,005,2022-06-12,[26.]
151,005,2022-06-13,[26.]
152,005,2022-06-14,[26.]
153,005,2022-06-15,[26.]
154,005,2022-06-16,[26.]
155,005,2022-06-17,[26.]
156,005,2022-06-18,[26.]
157,005,2022-06-19,[26.]
158,005,2022-06-20,[26.]
159,005,2022-06-21,[26.]
160,005,2022-06-22,[26.]
161,005,2022-06-23,[26.]
162,005,2022-06-24,[26.]
163,005,2022-06-25,[26.]
164,005,2022-06-26,[26.]
165,005,2022-06-27,[26.]
166,005,2022-06-28,[26.]
167,005,2022-06-29,[26.]
168,005,2022-06-30,[26.]
169,005,2022-07-01,[26.]
170,005,2022-07-02,[26.]
171,005,2022-07-03,[26.]
172,005,2022-07-04,[26.]
173,005,2022-07-05,[26.]
174,005,2022-07-06,[26.]
175,005,2022-07-07,[26.]
176,005,2022-07-08,[26.]
177,005,2022-07-09,[26.]
178,005,2022-07-14,[22. 26.]
179,005,2022-07-15,[26.]
180,005,2022-07-16,[26.]
181,005,2022-07-17,[26.]
182,005,2022-07-18,[26.]
183,005,2022-07-19,[26.]
184,005,2022-07-20,[26.]
185,005,2022-07-21,[26.]
186,005,2022-07-22,[26.]
187,005,2022-07-23,[26.]
188,005,2022-07-24,[26.]
189,005,2022-07-25,[26.]
190,005,2022-07-26,[26.]
191,005,2022-07-27,[26.]
192,005,2022-07-28,[26.]
0,026,2021-06-18,[35.]
0,015,2020-03-12,[ 4. 32. 64.]
1,015,2020-03-15,[ 1. 32. 16. 64.]
2,015,2020-03-20,[16.  4.  8.]
3,015,2020-03-22,[66.]
4,015,2020-03-23,[  8.   2.  32.   4. 128.  16.]
5,015,2020-03-24,[136.   8.   2.   1.  64.  32.   4. 128.]
6,015,2020-03-25,[32.  8.  4.]
7,015,2020-04-08,[4.]
8,015,2020-04-09,[  8.   1.  16. 128.  32.  18.]
9,015,2020-04-25,[ 32.  64. 128.]
10,015,2020-05-01,[8. 1.]
11,015,2020-05-05,[ 64.  32. 128.]
12,015,2020-05-07,[16.  1. 32.  4.]
13,015,2020-05-10,[128.  64.   2.   4.  32.  16.]
14,015,2020-05-11,[128.]
15,015,2020-05-24,[  2.  16. 128. 144.]
16,015,2020-05-25,[ 32.   8. 128.]
17,015,2020-05-26,[128.   4.  32.   1.   2.  64.   8.  16.]
18,015,2020-06-09,[ 32.   8. 128.]
19,015,2020-07-08,[64. 32.  1.]
20,015,2020-07-10,[1.]
21,015,2020-07-11,[1. 2.]
22,015,2020-07-12,[128.  32.   2.   4.  20.  16.   1.   8.]
23,015,2020-07-22,[64.]
24,015,2020-07-27,[  8.  36.   2.  32.  65.   1. 128.  64.  16.]
25,015,2020-07-28,[ 32.   1.   4. 128.]
26,015,2020-08-11,[1.]
27,015,2020-08-13,[ 1. 32.  2.  4.]
28,015,2020-08-27,[8. 1.]
29,015,2020-08-28,[ 8. 16.]
30,015,2020-09-11,[4.]
31,015,2020-09-12,[ 16. 129.]
32,015,2020-09-13,[ 4. 64. 16.]
33,015,2020-09-26,[32.  8.]
34,015,2020-09-27,[1.]
35,015,2020-09-28,[ 32.   2.  16.   4. 128.   8.]
36,015,2020-09-29,[16.  2. 32.]
37,015,2020-10-11,[128.]
38,015,2020-10-12,[64.  4.  2.  8.]
39,015,2020-10-13,[16.]
40,015,2020-10-14,[ 2.  4. 64.]
41,015,2020-10-28,[32.  1.]
42,015,2020-10-30,[32.  8.]
43,015,2020-11-13,[16.  4.]
44,015,2020-11-27,[128.   2.]
45,015,2020-11-29,[  1. 144.  16.   2.   8.]
46,015,2020-11-30,[ 16.  20.  64.  32.   1. 128.]
47,015,2020-12-12,[4.]
48,015,2020-12-14,[128.  16.   2.  32.]
49,015,2020-12-15,[8.]
50,015,2020-12-16,[ 32.   4. 128.]
51,015,2020-12-30,[128.]
52,015,2020-12-31,[ 32. 128.   2.]
53,015,2021-01-14,[10.]
54,015,2021-01-15,[ 32.  64.  16.   1. 129.   8.   2.]
55,015,2021-01-16,[ 1. 64.  2.]
56,015,2021-02-14,[  8. 128.  16.]
57,015,2021-03-01,[64.  8.]
58,015,2021-03-02,[16.]
59,015,2021-03-03,[ 64.   4. 128.  32.   1.  16.   8.   2. 132.]
60,015,2021-03-04,[  2.  64. 128.  32.]
61,015,2021-03-18,[ 16.  32.   4.   8. 128.   2.  64.   1.]
62,015,2021-03-19,[64.  4. 32.]
63,015,2021-04-01,[128.]
64,015,2021-04-03,[  1.   2.   4.   8.  64. 128.]
65,015,2021-04-04,[ 8.  1. 16.  4.]
66,015,2021-04-06,[2.]
67,015,2021-04-18,[128.  64.   2.   1.  32.   4.]
68,015,2021-04-20,[  8.  32.   4. 128.]
69,015,2021-05-03,[4. 1.]
70,015,2021-05-04,[1.]
71,015,2021-05-20,[ 16.  32. 128.]
72,015,2021-06-04,[128.   1.]
73,015,2021-06-05,[16.  2. 64.]
0,070,2023-01-10,[4.]
1,070,2023-01-19,[4.]
0,007,2012-01-01,[24.]
1,007,2012-01-04,[24.]
2,007,2012-01-05,[24.]
3,007,2012-01-06,[24.]
4,007,2012-01-07,[24.]
5,007,2012-01-08,[24.]
6,007,2012-01-09,[24. 22.]
7,007,2012-01-10,[24.]
8,007,2012-01-12,[24.]
9,007,2012-01-13,[24.]
10,007,2012-01-14,[24.]
11,007,2012-01-15,[24.]
12,007,2012-01-16,[24.]
13,007,2012-01-17,[24.]
14,007,2012-01-18,[24.]
15,007,2012-01-19,[24.]
16,007,2012-01-20,[24.]
17,007,2012-01-22,[24. 22.]
18,007,2012-01-23,[24.]
19,007,2012-01-24,[24.]
20,007,2012-01-26,[24.]
21,007,2012-01-27,[24.]
22,007,2012-01-28,[24.]
23,007,2012-01-29,[24.]
24,007,2012-01-31,[24.]
25,007,2012-02-01,[24.]
26,007,2012-02-02,[24.]
27,007,2012-02-03,[24.]
28,007,2012-02-04,[24.]
29,007,2012-02-05,[24.]
30,007,2012-02-06,[24.]
31,007,2012-02-07,[24.]
32,007,2012-02-08,[24.]
33,007,2012-02-09,[24.]
34,007,2012-02-10,[24.]
35,007,2012-02-11,[24. 22.]
36,007,2012-02-14,[24.]
37,007,2012-02-17,[24.]
38,007,2012-02-20,[24.]
39,007,2012-03-01,[24.]
40,007,2012-03-02,[24.]
41,007,2012-03-04,[24.]
42,007,2012-03-07,[24.]
43,007,2012-03-12,[24.]
44,007,2012-03-13,[24.]
45,007,2012-03-14,[24.]
46,007,2012-03-15,[24.]
0,040,2012-04-15,[7.]
1,040,2012-04-16,[7.]
2,040,2012-04-17,[7.]
3,040,2012-05-09,[7.]
4,040,2012-05-10,[7.]
5,040,2012-06-04,[7.]
6,040,2012-06-07,[24.]
7,040,2012-10-28,[22.]
8,040,2012-10-30,[22.]
9,040,2017-10-18,[24.]
10,040,2018-04-17,[24.]
11,040,2019-05-01,[2.]
12,040,2019-05-02,[2.]
13,040,2020-04-27,[22.]
14,040,2020-04-29,[22.]
15,040,2020-04-30,[22.]
16,040,2020-05-01,[22.]
17,040,2020-05-02,[22.]
18,040,2020-05-03,[22.]
19,040,2020-05-04,[22.]
20,040,2020-05-06,[22.]
21,040,2020-06-30,[5.]
22,040,2020-07-01,[5.]
23,040,2020-08-18,[24.]
24,040,2021-02-14,[24.]
25,040,2021-03-04,[24.]
26,040,2021-04-29,[24.]
27,040,2021-04-30,[24.]
28,040,2021-05-01,[24.]
29,040,2021-05-04,[24.]
30,040,2021-05-12,[24.]
31,040,2021-06-14,[24.]
32,040,2021-06-15,[24.]
33,040,2021-06-16,[24.]
34,040,2021-07-17,[24.]
35,040,2021-07-18,[24.]
36,040,2021-08-10,[24.]
37,040,2021-08-16,[24.]
38,040,2021-08-18,[24.]
39,040,2021-08-19,[24.]
40,040,2021-08-20,[24.]
41,040,2021-08-23,[24.]
42,040,2021-08-24,[24.]
0,054,2021-09-23,[2.]
1,054,2021-09-24,[2.]
2,054,2021-10-09,[2.]
3,054,2021-12-20,[2.]
4,054,2021-12-21,[2.]
5,054,2022-02-23,[2.]
6,054,2022-06-12,[2.]
7,054,2022-06-16,[2.]
8,054,2022-06-20,[2.]
9,054,2022-06-25,[2.]
10,054,2022-06-27,[2.]
11,054,2022-06-28,[2.]
12,054,2022-07-01,[2.]
13,054,2022-07-02,[2.]
14,054,2022-07-03,[2.]
15,054,2022-07-05,[2.]
16,054,2022-07-12,[2.]
17,054,2022-07-13,[2.]
18,054,2022-07-20,[2.]
19,054,2022-07-21,[2.]
20,054,2022-07-24,[2.]
21,054,2022-07-25,[2.]
22,054,2022-07-26,[2.]
23,054,2022-08-03,[2.]
24,054,2022-08-04,[2.]
25,054,2022-08-05,[2.]
26,054,2022-08-06,[2.]
27,054,2022-08-07,[2.]
28,054,2022-08-08,[2.]
29,054,2022-08-09,[2.]
30,054,2022-08-10,[2.]
31,054,2022-08-11,[2.]
32,054,2022-08-12,[2.]
33,054,2022-08-13,[2.]
34,054,2022-08-15,[2.]
35,054,2022-08-17,[2.]
36,054,2022-08-18,[2.]
37,054,2022-08-21,[2.]
38,054,2022-08-26,[2.]
39,054,2022-08-28,[2.]
40,054,2022-08-29,[2.]
41,054,2022-08-30,[2.]
42,054,2022-08-31,[2.]
43,054,2022-09-01,[2.]
44,054,2022-09-02,[2.]
45,054,2022-09-03,[2.]
46,054,2022-09-04,[2.]
47,054,2022-09-05,[2.]
48,054,2022-09-07,[2.]
49,054,2022-09-08,[2.]
50,054,2022-09-10,[2.]
51,054,2022-09-11,[2.]
52,054,2022-09-12,[2.]
53,054,2022-09-13,[2.]
54,054,2022-09-14,[2.]
55,054,2022-09-15,[2.]
56,054,2022-09-16,[2.]
57,054,2022-09-17,[2.]
58,054,2022-09-19,[2.]
59,054,2022-09-20,[2.]
60,054,2022-09-21,[2.]
61,054,2022-09-22,[2.]
62,054,2022-09-23,[2.]
63,054,2022-09-24,[2.]
64,054,2022-09-30,[2.]
65,054,2022-10-04,[2.]
66,054,2022-10-05,[2.]
67,054,2022-10-06,[2.]
68,054,2022-10-07,[2.]
69,054,2022-10-09,[2.]
70,054,2022-10-10,[2.]
71,054,2022-10-11,[2.]
72,054,2022-10-17,[2.]
73,054,2022-10-18,[2.]
74,054,2022-10-19,[2.]
0,065,2021-09-23,[2.]
1,065,2021-09-24,[2.]
2,065,2021-10-09,[2.]
3,065,2021-12-20,[2.]
4,065,2021-12-21,[2.]
5,065,2022-02-23,[2.]
6,065,2022-06-12,[2.]
7,065,2022-06-16,[2.]
8,065,2022-06-20,[2.]
9,065,2022-06-25,[2.]
10,065,2022-06-27,[2.]
11,065,2022-06-28,[2.]
12,065,2022-07-01,[2.]
13,065,2022-07-02,[2.]
14,065,2022-07-03,[2.]
15,065,2022-07-05,[2.]
16,065,2022-07-12,[2.]
17,065,2022-07-13,[2.]
18,065,2022-07-20,[2.]
19,065,2022-07-21,[2.]
20,065,2022-07-24,[2.]
21,065,2022-07-25,[2.]
22,065,2022-07-26,[2.]
23,065,2022-08-03,[2.]
24,065,2022-08-04,[2.]
25,065,2022-08-05,[2.]
26,065,2022-08-06,[2.]
27,065,2022-08-07,[2.]
28,065,2022-08-08,[2.]
29,065,2022-08-09,[2.]
30,065,2022-08-10,[2.]
31,065,2022-08-11,[2.]
32,065,2022-08-12,[2.]
33,065,2022-08-13,[2.]
34,065,2022-08-15,[2.]
35,065,2022-08-17,[2.]
36,065,2022-08-18,[2.]
37,065,2022-08-21,[2.]
38,065,2022-08-26,[2.]
39,065,2022-08-28,[2.]
40,065,2022-08-29,[2.]
41,065,2022-08-30,[2.]
42,065,2022-08-31,[2.]
43,065,2022-09-01,[2.]
44,065,2022-09-02,[2.]
45,065,2022-09-03,[2.]
46,065,2022-09-04,[2.]
47,065,2022-09-05,[2.]
48,065,2022-09-07,[2.]
49,065,2022-09-08,[2.]
50,065,2022-09-10,[2.]
51,065,2022-09-11,[2.]
52,065,2022-09-12,[2.]
53,065,2022-09-13,[2.]
54,065,2022-09-14,[2.]
55,065,2022-09-15,[2.]
56,065,2022-09-16,[2.]
57,065,2022-09-17,[2.]
58,065,2022-09-19,[2.]
59,065,2022-09-20,[2.]
60,065,2022-09-21,[2.]
61,065,2022-09-22,[2.]
62,065,2022-09-23,[2.]
63,065,2022-09-24,[2.]
64,065,2022-09-30,[2.]
65,065,2022-10-04,[2.]
66,065,2022-10-05,[2.]
67,065,2022-10-06,[2.]
68,065,2022-10-07,[2.]
69,065,2022-10-09,[2.]
70,065,2022-10-10,[2.]
71,065,2022-10-11,[2.]
72,065,2022-10-17,[2.]
73,065,2022-10-18,[2.]
74,065,2022-10-19,[2.]
0,037,2020-01-23,[37.]
1,037,2020-01-24,[37.]
2,037,2020-03-02,[24.]
3,037,2020-03-03,[24.]
4,037,2020-03-04,[24.]
5,037,2020-03-05,[24.]
6,037,2020-03-06,[24.]
7,037,2020-03-07,[24.]
8,037,2020-03-08,[24.]
9,037,2020-03-09,[24.]
10,037,2020-03-10,[24.]
11,037,2020-03-11,[24.]
12,037,2020-03-12,[24.]
13,037,2020-03-19,[24.]
14,037,2020-04-02,[24.]
15,037,2020-04-03,[24.]
16,037,2020-04-17,[24.]
17,037,2020-04-18,[24.]
18,037,2020-04-19,[24.]
19,037,2020-04-20,[24.]
20,037,2020-04-21,[24.]
21,037,2020-04-22,[24.]
22,037,2020-04-23,[24.]
23,037,2020-04-24,[24.]
24,037,2020-05-08,[24.]
25,037,2020-05-22,[24.]
26,037,2020-06-05,[24.]
27,037,2020-06-19,[24.]
28,037,2020-06-28,[24.]
29,037,2020-06-29,[24.]
30,037,2020-06-30,[24.]
31,037,2020-07-01,[24.]
32,037,2020-07-02,[24.]
33,037,2020-07-03,[24.]
34,037,2020-07-04,[24.]
35,037,2020-07-05,[24.]
36,037,2020-07-06,[24.]
37,037,2020-07-20,[24.]
38,037,2020-07-21,[24.]
39,037,2020-07-22,[24.]
40,037,2020-07-23,[24.]
41,037,2020-07-24,[24.]
42,037,2020-07-25,[24.]
43,037,2020-07-26,[24.]
44,037,2020-07-27,[24.]
45,037,2020-07-28,[24.]
46,037,2020-07-29,[24.]
47,037,2020-07-30,[24.]
48,037,2020-07-31,[24.]
49,037,2020-08-01,[24.]
50,037,2020-08-15,[24.]
51,037,2020-08-16,[24.]
52,037,2020-08-17,[24.]
53,037,2020-08-18,[24.]
54,037,2020-08-19,[24.]
55,037,2020-08-20,[24.]
56,037,2020-08-21,[24.]
57,037,2020-08-22,[24.]
58,037,2020-08-23,[24.]
59,037,2020-08-24,[24.]
60,037,2020-08-25,[24.]
61,037,2020-09-08,[24.]
62,037,2020-09-22,[24.]
63,037,2020-10-06,[24.]
64,037,2020-10-20,[24.]
65,037,2020-10-21,[24.]
66,037,2020-10-22,[24.]
67,037,2020-10-23,[24.]
68,037,2020-10-24,[24.]
69,037,2020-10-25,[24.]
70,037,2020-11-08,[24.]
71,037,2020-11-09,[24.]
72,037,2020-11-10,[24.]
73,037,2020-11-11,[24.]
74,037,2020-11-12,[24.]
75,037,2020-11-13,[24.]
76,037,2020-11-14,[24.]
77,037,2020-11-15,[24.]
78,037,2020-11-16,[24.]
79,037,2020-11-17,[24.]
80,037,2020-11-18,[24.]
81,037,2020-11-19,[24.]
82,037,2020-11-20,[24.]
83,037,2020-11-21,[24.]
84,037,2020-11-22,[24.]
85,037,2020-11-23,[24.]
86,037,2020-11-24,[24.]
87,037,2020-11-25,[24.]
88,037,2020-11-26,[24.]
89,037,2020-11-27,[24.]
90,037,2020-11-28,[24.]
91,037,2020-11-29,[24.]
92,037,2020-11-30,[24.]
93,037,2020-12-01,[24.]
94,037,2020-12-15,[24.]
95,037,2020-12-16,[24.]
96,037,2020-12-17,[24.]
97,037,2020-12-18,[24.]
98,037,2020-12-19,[24.]
99,037,2020-12-20,[24.]
100,037,2020-12-21,[24.]
101,037,2020-12-22,[24.]
102,037,2020-12-23,[24.]
103,037,2020-12-24,[24.]
104,037,2020-12-25,[24.]
105,037,2020-12-26,[24.]
106,037,2020-12-27,[24.]
107,037,2020-12-28,[24.]
108,037,2020-12-29,[24.]
109,037,2020-12-30,[24.]
110,037,2020-12-31,[24.]
111,037,2021-01-01,[24.]
112,037,2021-01-15,[24.]
113,037,2021-01-16,[24.]
114,037,2021-01-17,[24.]
115,037,2021-01-18,[24.]
116,037,2021-01-19,[24.]
117,037,2021-01-20,[24.]
118,037,2021-01-21,[24.]
119,037,2021-01-22,[24.]
120,037,2021-01-23,[24.]
121,037,2021-01-24,[24.]
122,037,2021-01-25,[24.]
123,037,2021-01-26,[24.]
124,037,2021-01-27,[24.]
125,037,2021-01-28,[24.]
126,037,2021-01-29,[24.]
127,037,2021-01-30,[24.]
128,037,2021-01-31,[24.]
129,037,2021-02-01,[24.]
130,037,2021-02-15,[24.]
131,037,2021-02-16,[24.]
132,037,2021-02-17,[24.]
133,037,2021-03-03,[24.]
134,037,2021-03-04,[24.]
135,037,2021-03-05,[24.]
136,037,2021-03-19,[24.]
137,037,2021-03-20,[24.]
138,037,2021-03-21,[24.]
139,037,2021-03-22,[24.]
140,037,2021-03-23,[24.]
141,037,2021-03-24,[24.]
142,037,2021-03-25,[24.]
143,037,2021-03-26,[24.]
144,037,2021-03-27,[24.]
145,037,2021-03-28,[24.]
146,037,2021-04-01,[24.]
147,037,2021-04-15,[24.]
148,037,2021-04-16,[24.]
149,037,2021-04-17,[24.]
150,037,2021-04-18,[24.]
151,037,2021-04-19,[24.]
152,037,2021-04-20,[24.]
153,037,2021-04-21,[24.]
154,037,2021-04-22,[24.]
155,037,2021-04-23,[24.]
156,037,2021-04-24,[24.]
157,037,2021-05-08,[24.]
158,037,2021-05-22,[24.]
159,037,2021-06-05,[24.]
160,037,2021-06-19,[24.]
161,037,2021-06-20,[24.]
162,037,2021-07-04,[24.]
163,037,2021-07-05,[24.]
164,037,2021-07-06,[24.]
165,037,2021-07-20,[24.]
166,037,2021-07-21,[24.]
167,037,2021-07-22,[24.]
168,037,2021-07-23,[24.]
169,037,2021-07-24,[24.]
170,037,2021-07-25,[24.]
171,037,2021-07-26,[24.]
172,037,2021-07-27,[24.]
173,037,2021-07-28,[24.]
174,037,2021-07-29,[24.]
175,037,2021-07-30,[24.]
176,037,2021-07-31,[24.]
177,037,2021-08-01,[24.]
178,037,2021-08-15,[24.]
179,037,2021-08-16,[24.]
180,037,2021-08-30,[24.]
0,012,2022-02-13,[12.]
1,012,2022-04-09,[12.]
2,012,2022-04-10,[12.]
3,012,2022-05-13,[12.]
4,012,2022-05-14,[12.]
5,012,2022-05-15,[12.]
6,012,2022-05-16,[12.]
7,012,2022-05-23,[12.]
8,012,2022-05-31,[12.]
9,012,2022-06-04,[12.]
10,012,2022-06-05,[12.]
0,050,2020-05-06,[4.]
1,050,2020-08-05,[4.]
2,050,2021-04-23,[22.]
3,050,2021-05-28,[21.]
4,050,2021-05-30,[21.]
5,050,2021-06-06,[21.]
6,050,2021-06-07,[21.]
7,050,2021-06-12,[21.]
8,050,2021-06-14,[21.]
9,050,2021-06-15,[21.]
10,050,2021-06-28,[21.]
11,050,2021-06-30,[21. 23.]
12,050,2021-07-02,[21.]
13,050,2021-07-04,[21.]
14,050,2021-07-06,[21.]
15,050,2021-07-08,[21.]
16,050,2021-07-09,[21.]
17,050,2021-07-10,[21.]
18,050,2021-07-11,[21.]
19,050,2021-07-12,[21.]
20,050,2021-07-13,[21.]
21,050,2021-07-16,[21.]
22,050,2021-07-17,[21.]
23,050,2021-07-18,[21.]
24,050,2021-07-20,[21.]
25,050,2021-07-21,[21.]
26,050,2021-07-22,[21.]
27,050,2021-07-24,[21.]
28,050,2021-07-25,[21.]
29,050,2021-07-26,[21.]
30,050,2021-07-27,[21.]
31,050,2021-07-28,[21.]
32,050,2021-07-30,[21.]
33,050,2021-08-01,[21.]
34,050,2021-08-03,[21.]
35,050,2021-08-04,[21.]
36,050,2021-08-05,[21.]
37,050,2021-08-07,[21.]
38,050,2021-08-09,[21.]
39,050,2021-08-13,[21.]
40,050,2021-08-15,[21.]
41,050,2021-08-16,[21.]
42,050,2021-08-18,[21.]
43,050,2021-08-19,[21.]
44,050,2021-08-20,[21. 23.]
0,049,2019-07-19,[23.]
1,049,2019-10-12,[26.]
2,049,2019-10-13,[26.]
3,049,2021-05-31,[12.]
0,064,2022-07-26,[1.]
1,064,2022-07-27,[ 1. 21.]
0,003,2015-03-27,[3.]
1,003,2015-03-28,[3.]
2,003,2015-03-29,[3.]
3,003,2016-01-07,[3.]
4,003,2016-01-08,[3.]
5,003,2016-01-09,[3.]
6,003,2016-01-10,[3.]
7,003,2016-01-11,[3.]
8,003,2016-01-12,[3.]
9,003,2016-01-13,[3.]
10,003,2016-01-14,[3.]
11,003,2016-01-15,[3.]
12,003,2016-01-16,[3.]
13,003,2016-01-17,[3.]
14,003,2021-01-01,[9.]
15,003,2021-01-02,[9.]
16,003,2021-01-03,[9.]
17,003,2021-01-04,[9.]
18,003,2021-01-18,[3.]
19,003,2021-01-31,[9.]
20,003,2021-02-01,[9.]
21,003,2021-02-02,[9.]
22,003,2021-02-03,[9.]
23,003,2021-02-04,[9.]
24,003,2021-02-05,[9.]
25,003,2021-02-09,[9.]
26,003,2021-02-10,[9.]
27,003,2021-02-11,[9.]
28,003,2021-02-12,[9.]
0,031,2020-10-27,[22.]
1,031,2020-10-28,[22.]
2,031,2020-10-29,[22.]
3,031,2020-10-30,[22.]
4,031,2021-06-14,[27.]
5,031,2021-07-07,[27.]
6,031,2021-07-08,[27.]
7,031,2021-07-09,[27.]
8,031,2021-07-10,[27.]
9,031,2021-07-11,[27.]
10,031,2021-07-12,[27.]
11,031,2021-07-13,[27.]
12,031,2021-07-18,[27.]
13,031,2021-07-21,[27.]
14,031,2021-07-22,[27.]
15,031,2021-07-26,[27.]
16,031,2021-07-27,[27.]
17,031,2021-07-28,[22.]
0,061,2022-07-25,[22.]
1,061,2022-07-26,[22.]
2,061,2022-07-27,[22.]
3,061,2022-07-29,[22.]
4,061,2022-07-30,[22.]
5,061,2022-07-31,[22.]
6,061,2022-08-01,[22.]
0,045,2021-08-25,[4. 1.]
1,045,2021-09-28,[2.]
2,045,2021-11-21,[8. 9. 1.]
3,045,2021-11-23,[4. 2.]
4,045,2022-01-24,[2.]
5,045,2022-01-25,[2.]
6,045,2022-04-16,[2.]
7,045,2022-04-18,[2.]
8,045,2022-04-19,[2.]
9,045,2022-04-20,[2.]
10,045,2022-04-21,[2.]
11,045,2022-04-22,[2.]
12,045,2022-04-23,[2.]
13,045,2022-04-24,[2.]
14,045,2022-04-25,[2.]
15,045,2022-04-26,[2.]
16,045,2022-04-27,[2. 1.]
17,045,2022-04-28,[1.]
18,045,2022-04-29,[1.]
19,045,2022-04-30,[1.]
20,045,2022-05-01,[1.]
21,045,2022-05-02,[1.]
22,045,2022-05-03,[1.]
23,045,2022-05-04,[1.]
24,045,2022-05-05,[1.]
25,045,2022-05-06,[1.]
26,045,2022-05-07,[1.]
27,045,2022-05-08,[1.]
28,045,2022-05-09,[1.]
29,045,2022-05-10,[1.]
0,023,2022-03-22,[50.]
0,046,2021-08-06,[48.]
0,068,2021-08-09,[26.]
1,068,2021-08-15,[26.]
2,068,2021-08-17,[26.]
3,068,2021-08-18,[26.]
4,068,2021-08-19,[26.]
5,068,2021-08-20,[26.]
6,068,2021-08-21,[26.]
7,068,2021-09-06,[26.]
8,068,2021-09-07,[26.]
9,068,2021-09-08,[26.]
10,068,2021-09-09,[26.]
11,068,2021-09-10,[26.]
12,068,2021-09-11,[26.]
13,068,2021-09-12,[26.]
14,068,2021-09-13,[26.]
15,068,2021-09-14,[26.]
16,068,2021-09-15,[26.]
17,068,2021-09-17,[26.]
18,068,2021-09-18,[26.]
19,068,2021-09-19,[26.]
20,068,2021-09-20,[26.]
21,068,2021-09-27,[26.]
22,068,2021-09-28,[26.]
23,068,2021-10-02,[26.]
24,068,2021-10-03,[26.]
25,068,2021-10-04,[26.]
26,068,2021-10-05,[26.]
27,068,2021-10-06,[26.]
28,068,2021-10-07,[26.]
29,068,2021-10-08,[26.]
30,068,2021-10-09,[26.]
31,068,2021-10-10,[26.]
32,068,2021-10-11,[26.]
33,068,2021-10-12,[26.]
34,068,2021-10-13,[26.]
35,068,2021-10-14,[26.]
36,068,2021-10-15,[26.]
37,068,2021-10-16,[26.]
38,068,2021-10-17,[26.]
39,068,2021-10-18,[26.]
40,068,2021-10-19,[26.]
41,068,2021-10-20,[26.]
42,068,2021-10-21,[26.]
43,068,2021-10-22,[26.]
44,068,2021-10-23,[26.]
45,068,2021-10-24,[26.]
46,068,2021-10-25,[26.]
47,068,2021-10-26,[26.]
48,068,2021-10-27,[26.]
49,068,2021-10-28,[26.]
50,068,2021-10-29,[26.]
51,068,2021-10-30,[26.]
52,068,2021-10-31,[26.]
53,068,2021-11-01,[26.]
54,068,2021-11-02,[26.]
55,068,2021-11-03,[26.]
56,068,2021-11-04,[26.]
57,068,2021-11-05,[26.]
58,068,2021-11-06,[26.]
59,068,2021-11-07,[26.]
60,068,2021-11-08,[26.]
61,068,2021-11-09,[26.]
62,068,2021-11-10,[26.]
63,068,2021-11-11,[26.]
64,068,2021-11-12,[26.]
65,068,2021-11-13,[26.]
66,068,2021-11-14,[26.]
67,068,2021-11-15,[26.]
68,068,2021-11-16,[26.]
69,068,2021-11-17,[26.]
70,068,2021-11-18,[26.]
71,068,2021-11-19,[26.]
72,068,2021-11-20,[26.]
73,068,2021-11-21,[26.]
74,068,2021-11-22,[26.]
75,068,2021-11-23,[26.]
76,068,2021-11-24,[26.]
77,068,2021-11-25,[26.]
78,068,2021-11-26,[26.]
79,068,2021-11-27,[26.]
80,068,2021-11-28,[26.]
81,068,2021-11-29,[26.]
82,068,2021-11-30,[26.]
83,068,2021-12-01,[26.]
84,068,2021-12-27,[26.]
85,068,2021-12-28,[26.]
86,068,2021-12-29,[26.]
87,068,2021-12-30,[26.]
88,068,2021-12-31,[26.]
89,068,2022-01-01,[26.]
90,068,2022-01-30,[26.]
91,068,2022-01-31,[26.]
92,068,2022-02-01,[26.]
93,068,2022-02-02,[26.]
94,068,2022-02-03,[26.]
95,068,2022-02-04,[26.]
96,068,2022-02-05,[26.]
97,068,2022-02-06,[26.]
98,068,2022-02-07,[26.]
99,068,2022-02-08,[26.]
100,068,2022-02-09,[26.]
101,068,2022-02-10,[26.]
102,068,2022-02-11,[26.]
103,068,2022-02-27,[26.]
104,068,2022-02-28,[26.]
105,068,2022-03-01,[26.]
106,068,2022-03-05,[26.]
107,068,2022-03-06,[26.]
108,068,2022-03-08,[26.]
109,068,2022-03-09,[26.]
110,068,2022-03-10,[26.]
111,068,2022-03-11,[26.]
112,068,2022-03-13,[26.]
113,068,2022-03-21,[26.]
114,068,2022-03-22,[26.]
115,068,2022-03-23,[26.]
116,068,2022-03-28,[26.]
117,068,2022-03-29,[26.]
118,068,2022-04-04,[26.]
119,068,2022-04-05,[26.]
120,068,2022-04-06,[26.]
121,068,2022-04-09,[26.]
122,068,2022-04-10,[26.]
123,068,2022-04-11,[26.]
124,068,2022-04-12,[26.]
125,068,2022-04-13,[26.]
126,068,2022-04-14,[26.]
127,068,2022-04-15,[26.]
128,068,2022-04-16,[26.]
129,068,2022-04-17,[26.]
130,068,2022-04-18,[26.]
131,068,2022-04-19,[26.]
132,068,2022-04-20,[26.]
133,068,2022-04-21,[26.]
134,068,2022-04-22,[26.]
135,068,2022-04-23,[26.]
136,068,2022-04-24,[26.]
137,068,2022-04-25,[26.]
138,068,2022-04-28,[22.]
139,068,2022-05-11,[26.]
140,068,2022-05-12,[26.]
141,068,2022-05-13,[26.]
142,068,2022-05-14,[26.]
143,068,2022-05-15,[26.]
144,068,2022-05-16,[26.]
145,068,2022-05-17,[26.]
146,068,2022-05-18,[26.]
147,068,2022-05-19,[26.]
148,068,2022-05-20,[26.]
149,068,2022-06-11,[26.]
150,068,2022-06-12,[26.]
151,068,2022-06-13,[26.]
152,068,2022-06-14,[26.]
153,068,2022-06-15,[26.]
154,068,2022-06-16,[26.]
155,068,2022-06-17,[26.]
156,068,2022-06-18,[26.]
157,068,2022-06-19,[26.]
158,068,2022-06-20,[26.]
159,068,2022-06-21,[26.]
160,068,2022-06-22,[26.]
161,068,2022-06-23,[26.]
162,068,2022-06-24,[26.]
163,068,2022-06-25,[26.]
164,068,2022-06-26,[26.]
165,068,2022-06-27,[26.]
166,068,2022-06-28,[26.]
167,068,2022-06-29,[26.]
168,068,2022-06-30,[26.]
169,068,2022-07-01,[26.]
170,068,2022-07-02,[26.]
171,068,2022-07-03,[26.]
172,068,2022-07-04,[26.]
173,068,2022-07-05,[26.]
174,068,2022-07-06,[26.]
175,068,2022-07-07,[26.]
176,068,2022-07-08,[26.]
177,068,2022-07-09,[26.]
178,068,2022-07-14,[22. 26.]
179,068,2022-07-15,[26.]
180,068,2022-07-16,[26.]
181,068,2022-07-17,[26.]
182,068,2022-07-18,[26.]
183,068,2022-07-19,[26.]
184,068,2022-07-20,[26.]
185,068,2022-07-21,[26.]
186,068,2022-07-22,[26.]
187,068,2022-07-23,[26.]
188,068,2022-07-24,[26.]
189,068,2022-07-25,[26.]
190,068,2022-07-26,[26.]
191,068,2022-07-27,[26.]
192,068,2022-07-28,[26.]
0,067,2020-02-05,[1. 4.]
1,067,2020-02-13,[4. 1. 8.]
2,067,2020-02-14,[128.]
3,067,2020-02-15,[16.  4.]
4,067,2020-02-19,[ 16. 128.  64.  32.   4.   2.]
5,067,2020-02-20,[ 1.  8. 16.]
6,067,2020-02-25,[  2.  32. 128.  16.]
7,067,2020-03-03,[64.]
8,067,2020-03-04,[16.]
9,067,2020-03-07,[128.  64.]
10,067,2020-03-09,[1.]
11,067,2020-03-12,[64.  1.  4.]
12,067,2020-03-19,[16. 32.]
13,067,2020-03-20,[32.  4. 16.  8.]
14,067,2020-03-22,[  4.  64.   2.  32. 128.   8.]
15,067,2020-04-02,[4.]
16,067,2020-04-03,[ 32. 128.   4.]
17,067,2020-04-04,[64. 16.  8.  1.]
18,067,2020-04-05,[128.   2.   1.  16.]
19,067,2020-04-06,[128.   4.  64.  16.  32.   8.   1.   2.]
20,067,2020-04-07,[137.]
21,067,2020-04-20,[36.  8. 16.  1.  2. 32. 66.]
22,067,2020-04-21,[ 8. 16.]
23,067,2020-04-22,[  4.   8.  64. 128.  16.   1.]
24,067,2020-05-05,[1. 4.]
25,067,2020-05-06,[ 49. 128.]
26,067,2020-05-07,[ 1.  4. 16.]
27,067,2020-05-23,[64.  8. 16. 32.]
28,067,2020-06-05,[4. 1.]
29,067,2020-06-08,[1. 2.]
30,067,2020-06-22,[  4.  32.   1. 128.  80.]
31,067,2020-06-23,[  4.  16. 128.  64.  32.   8.]
32,067,2020-06-24,[128.   4.   1.  64.]
33,067,2020-07-08,[128.]
34,067,2020-07-09,[ 64.  16.   8. 128.  32.]
35,067,2020-07-23,[8. 4.]
36,067,2020-07-25,[ 8. 64. 16.]
37,067,2020-08-08,[ 1. 16.  8.  2.]
38,067,2020-08-09,[  2. 128.]
39,067,2020-08-24,[  8.  16. 128.]
40,067,2020-09-08,[96.]
41,067,2020-09-09,[  8.   4.  64.  20.   2.  32. 128.]
42,067,2020-09-24,[ 8. 16.]
43,067,2020-09-25,[32.  1.]
44,067,2020-10-09,[16.  1.  4.  8.]
45,067,2020-10-10,[ 8. 64. 32.]
46,067,2020-10-25,[32. 16.  1.]
47,067,2020-10-26,[128.   4.  16.]
48,067,2020-11-06,[1.]
49,067,2020-11-26,[64.  4.]
50,067,2020-12-11,[32.  2. 64. 16.]
51,067,2020-12-12,[16.]
52,067,2020-12-25,[128.]
53,067,2020-12-26,[8.]
54,067,2021-01-12,[128.   4.]
55,067,2021-01-24,[  2. 128.]
56,067,2021-01-25,[16.  1.]
57,067,2021-01-26,[  2.  64.  32.   4. 128.   8.   1.   5.]
58,067,2021-01-27,[ 4. 16.]
59,067,2021-01-28,[  2.  16.   4. 128.  64.   8.  17.  96.]
60,067,2021-02-10,[40. 16.]
61,067,2021-02-11,[ 8. 64. 32. 16.]
62,067,2021-02-12,[ 2. 64. 32.  8. 16.  1.]
63,067,2021-02-26,[  1. 128.  64.   2.   4.]
64,067,2021-02-27,[1. 2.]
65,067,2021-02-28,[16.  1. 12.  4.]
66,067,2021-03-16,[1.]
67,067,2021-03-28,[16.]
68,067,2021-03-29,[4.]
69,067,2021-05-15,[128.]
70,067,2021-05-17,[16.  8.]
71,067,2022-01-01,[26.]
72,067,2022-01-02,[26.]
73,067,2022-01-03,[26.]
74,067,2022-01-05,[26.]
75,067,2022-01-09,[26.]
76,067,2022-01-10,[26.]
77,067,2022-01-12,[26.]
78,067,2022-01-13,[26.]
79,067,2022-01-15,[26.]
80,067,2022-01-16,[26.]
81,067,2022-01-17,[26.]
82,067,2022-01-18,[26.]
83,067,2022-01-19,[26.]
84,067,2022-01-20,[26.]
85,067,2022-01-21,[26.]
86,067,2022-01-22,[26.]
87,067,2022-01-23,[26.]
88,067,2022-01-24,[26.]
89,067,2022-01-25,[26.]
90,067,2022-01-26,[26.]
91,067,2022-01-27,[26.]
92,067,2022-01-28,[26.]
93,067,2022-01-29,[26.]
94,067,2022-01-30,[26.]
95,067,2022-01-31,[26.]
96,067,2022-02-01,[26.]
97,067,2022-02-02,[26.]
98,067,2022-02-03,[26.]
99,067,2022-02-04,[26.]
100,067,2022-02-05,[26.]
101,067,2022-02-06,[26.]
102,067,2022-02-07,[26.]
103,067,2022-02-08,[26.]
0,036,2021-06-04,[27. 22.]
1,036,2021-06-07,[13.]
2,036,2021-06-08,[13.]
0,034,2014-02-25,[12.]
1,034,2014-03-05,[5. 2.]
2,034,2014-03-07,[23.]
3,034,2015-05-07,[2.]
4,034,2015-05-08,[2.]
5,034,2015-05-09,[2.]
6,034,2015-05-10,[2.]
7,034,2015-05-11,[2.]
8,034,2015-06-24,[2.]
9,034,2015-06-25,[2.]
10,034,2015-06-26,[2.]
11,034,2015-08-18,[2.]
12,034,2015-08-19,[2.]
13,034,2015-10-03,[2.]
14,034,2015-10-04,[2.]
15,034,2015-10-05,[2.]
16,034,2015-10-07,[2.]
17,034,2015-10-08,[2.]
18,034,2015-10-14,[2.]
19,034,2015-10-15,[2.]
20,034,2015-12-02,[2.]
21,034,2015-12-07,[2.]
22,034,2015-12-08,[2.]
23,034,2015-12-09,[2.]
24,034,2015-12-10,[2.]
25,034,2015-12-11,[2.]
26,034,2016-01-03,[5.]
27,034,2016-01-04,[5.]
28,034,2016-01-13,[5.]
29,034,2016-01-14,[5.]
30,034,2016-03-14,[12.]
31,034,2016-03-15,[12.]
32,034,2016-03-16,[12.]
33,034,2016-03-18,[12.]
34,034,2016-03-20,[12.]
35,034,2016-03-21,[12.]
36,034,2016-03-22,[12.]
37,034,2016-03-26,[12.]
38,034,2016-03-27,[12.]
39,034,2016-03-28,[12.]
40,034,2016-03-29,[12.]
41,034,2016-03-30,[12.]
42,034,2016-03-31,[12.]
43,034,2016-04-01,[12.]
44,034,2016-04-02,[12.]
45,034,2016-04-03,[12.]
46,034,2016-04-04,[12.]
47,034,2016-04-05,[12.]
48,034,2016-04-06,[12.]
49,034,2016-04-07,[12.]
50,034,2016-04-08,[12.]
51,034,2016-04-09,[12.]
52,034,2016-04-10,[12.]
53,034,2016-04-11,[12.]
54,034,2016-04-12,[12.]
55,034,2016-04-13,[12.  2.]
56,034,2016-04-14,[2.]
57,034,2016-04-15,[2.]
58,034,2016-04-16,[2.]
59,034,2016-04-17,[2.]
60,034,2016-04-18,[2.]
61,034,2016-04-19,[2.]
62,034,2016-04-20,[2.]
63,034,2016-04-21,[ 2. 23.]
64,034,2016-04-28,[2.]
65,034,2016-04-29,[2.]
66,034,2016-04-30,[2.]
67,034,2016-05-01,[2.]
68,034,2016-05-02,[2.]
69,034,2016-05-03,[2.]
70,034,2016-05-04,[2.]
71,034,2016-05-05,[2.]
72,034,2016-05-06,[2.]
73,034,2016-05-07,[2.]
74,034,2016-05-08,[2.]
75,034,2016-05-09,[2.]
76,034,2016-05-10,[2.]
77,034,2016-05-11,[2.]
78,034,2016-05-12,[2.]
79,034,2016-05-13,[2.]
80,034,2016-05-14,[2.]
81,034,2016-05-15,[2.]
82,034,2016-05-16,[2.]
83,034,2016-05-17,[2.]
84,034,2016-05-18,[2.]
85,034,2016-05-19,[2.]
86,034,2016-05-20,[2.]
87,034,2016-05-21,[2.]
88,034,2016-05-22,[2.]
89,034,2016-05-23,[2.]
90,034,2016-05-24,[2.]
91,034,2016-05-25,[2.]
92,034,2016-05-26,[2.]
93,034,2016-05-27,[2.]
94,034,2016-05-28,[2.]
95,034,2016-05-29,[2.]
96,034,2016-05-30,[2.]
97,034,2016-05-31,[2.]
98,034,2016-06-01,[2.]
99,034,2016-06-02,[2.]
100,034,2016-06-03,[2.]
101,034,2016-07-01,[2.]
102,034,2016-07-02,[2.]
103,034,2016-07-03,[2.]
104,034,2016-07-04,[2.]
105,034,2016-07-05,[2.]
106,034,2016-07-06,[2.]
107,034,2016-07-10,[2.]
108,034,2016-07-11,[2.]
109,034,2016-07-12,[2.]
110,034,2016-07-13,[2.]
111,034,2016-07-14,[2.]
112,034,2016-07-15,[2. 1.]
113,034,2016-07-16,[1.]
114,034,2016-07-17,[1.]
115,034,2016-07-18,[1.]
116,034,2016-07-19,[1.]
117,034,2016-07-20,[1.]
118,034,2016-07-21,[1.]
119,034,2016-07-22,[1. 7.]
120,034,2016-11-30,[2.]
121,034,2016-12-01,[2.]
122,034,2016-12-04,[2.]
123,034,2016-12-05,[2.]
124,034,2016-12-06,[2.]
125,034,2016-12-07,[2.]
126,034,2016-12-08,[2.]
127,034,2017-04-13,[2.]
128,034,2017-04-14,[2.]
129,034,2017-04-15,[2.]
130,034,2017-04-16,[2.]
131,034,2017-04-17,[2.]
132,034,2017-04-18,[2.]
133,034,2017-04-20,[2.]
134,034,2017-04-21,[2.]
135,034,2017-04-22,[2.]
136,034,2017-04-23,[2.]
137,034,2017-04-24,[2.]
138,034,2017-04-25,[2.]
139,034,2017-04-26,[2. 1.]
140,034,2017-09-17,[2.]
141,034,2017-09-18,[2.]
142,034,2017-09-19,[2.]
143,034,2017-09-20,[2.]
144,034,2017-09-21,[2.]
145,034,2017-09-24,[2.]
146,034,2017-09-25,[2.]
147,034,2017-09-26,[2.]
148,034,2017-09-27,[2.]
149,034,2017-09-28,[2. 7.]
150,034,2017-09-29,[7.]
151,034,2018-06-08,[2.]
152,034,2018-06-14,[2.]
153,034,2018-06-15,[2.]
154,034,2018-06-16,[2.]
155,034,2018-06-17,[2.]
156,034,2018-06-18,[2.]
157,034,2018-06-19,[2.]
158,034,2018-06-20,[2.]
159,034,2018-06-21,[2.]
160,034,2018-06-22,[2.]
161,034,2018-06-23,[2.]
162,034,2018-06-24,[2.]
163,034,2018-06-25,[2.]
164,034,2018-06-26,[2.]
165,034,2018-06-27,[2.]
166,034,2018-06-28,[2.]
167,034,2018-06-29,[2.]
168,034,2018-06-30,[2.]
169,034,2018-07-01,[2.]
170,034,2018-07-02,[2.]
171,034,2018-07-03,[2.]
172,034,2018-07-04,[2.]
173,034,2018-07-05,[2.]
174,034,2018-07-06,[2.]
175,034,2018-07-07,[2.]
176,034,2018-07-08,[2.]
177,034,2018-07-09,[2.]
178,034,2018-07-10,[2.]
179,034,2018-07-11,[2.]
180,034,2018-07-12,[2.]
181,034,2018-07-13,[2.]
182,034,2018-07-14,[2.]
183,034,2018-07-15,[2.]
184,034,2018-07-16,[2.]
185,034,2018-07-17,[2.]
186,034,2018-07-18,[2.]
187,034,2018-07-19,[2.]
188,034,2018-07-20,[2.]
189,034,2018-07-21,[2.]
190,034,2018-07-22,[2.]
191,034,2018-07-23,[2.]
192,034,2018-07-24,[2.]
193,034,2018-07-25,[2.]
194,034,2018-07-26,[2.]
195,034,2018-07-27,[2.]
196,034,2018-07-28,[2.]
197,034,2018-07-29,[2.]
198,034,2018-07-30,[2.]
199,034,2018-07-31,[2.]
200,034,2018-08-01,[2.]
201,034,2018-08-02,[2.]
202,034,2018-08-03,[2.]
203,034,2018-08-04,[2.]
204,034,2018-08-05,[2.]
205,034,2018-08-06,[2.]
206,034,2018-08-07,[2.]
207,034,2018-08-08,[2.]
208,034,2018-08-09,[2.]
209,034,2018-08-10,[2.]
210,034,2018-08-11,[2.]
211,034,2018-08-12,[2.]
212,034,2018-08-13,[2.]
213,034,2018-08-14,[2.]
214,034,2018-08-15,[2.]
215,034,2018-08-16,[2.]
216,034,2018-08-17,[2.]
217,034,2018-08-18,[2.]
218,034,2018-08-19,[2.]
219,034,2018-08-20,[2.]
220,034,2018-08-21,[2.]
221,034,2018-08-22,[2.]
222,034,2018-08-23,[2.]
223,034,2018-08-24,[2.]
224,034,2018-08-25,[2.]
225,034,2018-08-26,[2.]
226,034,2018-08-27,[2.]
227,034,2018-08-28,[2.]
228,034,2018-08-29,[2.]
229,034,2018-08-30,[2.]
230,034,2018-08-31,[2.]
231,034,2018-09-01,[2.]
232,034,2018-09-02,[2.]
233,034,2018-09-03,[2.]
234,034,2018-09-04,[2.]
235,034,2018-09-05,[2.]
236,034,2018-09-06,[2.]
237,034,2018-09-07,[2.]
238,034,2018-09-08,[2.]
239,034,2018-09-09,[2.]
240,034,2018-09-10,[2.]
241,034,2018-09-11,[2.]
242,034,2018-09-12,[2.]
243,034,2018-09-13,[2.]
244,034,2018-09-14,[2.]
245,034,2018-09-15,[2.]
246,034,2018-09-16,[2.]
247,034,2018-09-17,[2.]
248,034,2018-09-18,[2.]
249,034,2018-09-19,[2.]
250,034,2018-09-20,[2.]
251,034,2018-09-21,[2.]
252,034,2018-09-22,[2.]
253,034,2018-09-23,[2.]
254,034,2018-09-24,[2.]
255,034,2018-09-25,[2.]
256,034,2019-05-05,[2.]
257,034,2019-05-06,[2.]
258,034,2019-05-07,[2.]
259,034,2019-05-08,[2.]
260,034,2019-05-09,[2.]
261,034,2019-05-14,[2.]
262,034,2019-05-15,[2.]
263,034,2019-05-16,[2.]
264,034,2019-05-17,[2.]
265,034,2019-05-18,[2.]
266,034,2019-05-19,[2.]
267,034,2019-05-20,[2.]
268,034,2019-05-21,[2.]
269,034,2019-05-22,[2.]
270,034,2019-05-23,[2.]
271,034,2019-08-30,[2.]
272,034,2019-08-31,[2.]
273,034,2019-09-01,[2.]
274,034,2019-09-02,[2.]
275,034,2019-09-03,[2.]
276,034,2019-09-04,[2.]
277,034,2019-09-05,[2.]
278,034,2019-09-06,[2.]
279,034,2019-09-07,[2.]
280,034,2019-09-08,[2.]
281,034,2019-09-09,[2. 7.]
282,034,2020-07-04,[2.]
283,034,2021-10-27,[5.]
284,034,2021-10-28,[5.]
285,034,2021-11-13,[5.]
0,029,2019-10-03,[5.]
1,029,2019-10-04,[5.]
2,029,2020-04-17,[5.]
3,029,2020-04-18,[5.]
4,029,2020-09-05,[5.]
5,029,2020-09-06,[5.]
6,029,2020-10-25,[5.]
7,029,2020-10-26,[5.]
8,029,2020-11-24,[5.]
9,029,2021-02-17,[5.]
10,029,2021-02-18,[5.]
11,029,2021-12-12,[37.]
12,029,2021-12-13,[37.]
13,029,2021-12-22,[37.]
14,029,2021-12-27,[37.]
15,029,2021-12-28,[37.]
16,029,2021-12-29,[37.]
17,029,2021-12-30,[37.]
18,029,2021-12-31,[37.]
19,029,2022-01-01,[37.]
20,029,2022-01-12,[37.]
21,029,2022-01-13,[37.]
22,029,2022-01-14,[37.]
23,029,2022-01-15,[37.]
24,029,2022-01-19,[37.]
25,029,2022-01-25,[37.]
26,029,2022-02-06,[37.]
27,029,2022-02-12,[37.]
28,029,2022-02-13,[37.]
0,016,2012-01-29,[37.]
0,051,2021-07-15,[5.]
1,051,2021-07-16,[5.]
0,028,2022-03-17,[37.]
1,028,2022-03-18,[37.]
2,028,2022-03-21,[37.]
3,028,2022-03-22,[37. 26.]
4,028,2022-03-23,[37.]
